{"cameraMode":{"drawMode":0,"name":"Shaded","section":"Shading Mode"},"sceneLighting":true,"audioPlay":false,"sceneViewState":{"showFog":true,"showMaterialUpdate":false,"showSkybox":true,"showFlares":true,"showImageEffects":true,"showParticleSystems":true},"in2DMode":false,"pivot":{"x":-2.9554057121276857,"y":1.5460045337677003,"z":-0.7358770370483398},"rotation":{"x":-0.1541590690612793,"y":0.6698355674743652,"z":-0.14509010314941407,"w":-0.7117123603820801},"size":13.57011604309082,"orthographic":false}